RUN1234567,Run-Tech Running shorts,High-quality running sh,10,0,8
CYC1111111,Cycle4ever Cycling jacket,Super lightweight hi-vis,50,0,19
SWM2222222,4Oceans Goggles,Super Hi-tech ,25,15,8
﻿RUN1234567,Run-Tech Running shorts,High-quality running sh,10,0,8
CYC1111111,Cycle4ever Cycling jacket,Super lightweight hi-vis,50,0,18
SWM2222222,4Oceans Goggles,Super Hi-tech ,25,15,8
﻿RUN1234567,Run-Tech Running shorts,High-quality running sh,10,0,9
CYC1111111,Cycle4ever Cycling jacket,Super lightweight hi-vis,50,0,20
SWM2222222,4Oceans Goggles,Super Hi-tech ,25,15,8
﻿RUN1234567,Run-Tech Running shorts,High-quality running sh,10,0,9
CYC1111111,Cycle4ever Cycling jacket,Super lightweight hi-vis,50,0,20
SWM2222222,4Oceans Goggles,Super Hi-tech ,25,15,8
﻿RUN1234567,Run-Tech Running shorts,High-quality running sh,10,0,8
CYC1111111,Cycle4ever Cycling jacket,Super lightweight hi-vis,50,0,19
SWM2222222,4Oceans Goggles,Super Hi-tech ,25,15,7
﻿RUN1234567,Run-Tech Running shorts,High-quality running sh,10.0,0.0,10
CYC1111111,Cycle4ever Cycling jacket,Super lightweight hi-vis,50.0,0.0,19
SWM2222222,4Oceans Goggles,Super Hi-tech ,25.0,15.0,7
﻿RUN1234567,Run-Tech Running shorts,High-quality running sh,10.0,0,10
CYC1111111,Cycle4ever Cycling jacket,Super lightweight hi-vis,50.0,0,19
SWM2222222,4Oceans Goggles,Super Hi-tech ,25.0,15,7
﻿RUN1234567,Run-Tech Running shorts,High-quality running sh,10.0,0,10
CYC1111111,Cycle4ever Cycling jacket,Super lightweight hi-vis,50.0,0,20
SWM2222222,4Oceans Goggles,Super Hi-tech ,25.0,15,7
﻿RUN1234567,Run-Tech Running shorts,High-quality running sh,10.0,0,9
CYC1111111,Cycle4ever Cycling jacket,Super lightweight hi-vis,50.0,0,19
SWM2222222,4Oceans Goggles,Super Hi-tech ,25.0,15,8
﻿RUN1234567,Run-Tech Running shorts,High-quality running sh,10.0,0,9
CYC1111111,Cycle4ever Cycling jacket,Super lightweight hi-vis,50.0,0,20
SWM2222222,4Oceans Goggles,Super Hi-tech ,25.0,15,6
﻿RUN1234567,Run-Tech Running shorts,High-quality running sh,10.0,0,9
CYC1111111,Cycle4ever Cycling jacket,Super lightweight hi-vis,50.0,0,20
SWM2222222,4Oceans Goggles,Super Hi-tech ,25.0,15,5
﻿RUN1234567,Run-Tech Running shorts,High-quality running sh,10.0,0,9
CYC1111111,Cycle4ever Cycling jacket,Super lightweight hi-vis,50.0,0,19
SWM2222222,4Oceans Goggles,Super Hi-tech ,25.0,15,7
﻿RUN1234567,Run-Tech Running shorts,High-quality running sh,10.0,0,10
CYC1111111,Cycle4ever Cycling jacket,Super lightweight hi-vis,50.0,0,19
SWM2222222,4Oceans Goggles,Super Hi-tech ,25.0,15,7
﻿RUN1234567,Run-Tech Running shorts,High-quality running sh,10.0,0,9
CYC1111111,Cycle4ever Cycling jacket,Super lightweight hi-vis,50.0,0,20
SWM2222222,4Oceans Goggles,Super Hi-tech ,25.0,15,7
﻿RUN1234567,Run-Tech Running shorts,High-quality running sh,10.0,0,10
CYC1111111,Cycle4ever Cycling jacket,Super lightweight hi-vis,50.0,0,19
SWM2222222,4Oceans Goggles,Super Hi-tech ,25.0,15,7
﻿RUN1234567,Run-Tech Running shorts,High-quality running sh,10.0,0,10
CYC1111111,Cycle4ever Cycling jacket,Super lightweight hi-vis,50.0,0,20
SWM2222222,4Oceans Goggles,Super Hi-tech ,25.0,15,7
﻿RUN1234567,Run-Tech Running shorts,High-quality running sh,10.0,0,10
CYC1111111,Cycle4ever Cycling jacket,Super lightweight hi-vis,50.0,0,20
SWM2222222,4Oceans Goggles,Super Hi-tech ,25.0,15,7
﻿RUN1234567,Run-Tech Running shorts,High-quality running sh,10.0,0,10
CYC1111111,Cycle4ever Cycling jacket,Super lightweight hi-vis,50.0,0,20
SWM2222222,4Oceans Goggles,Super Hi-tech ,25.0,15,7
﻿RUN1234567,Run-Tech Running shorts,High-quality running sh,10.0,0,10
CYC1111111,Cycle4ever Cycling jacket,Super lightweight hi-vis,50.0,0,20
SWM2222222,4Oceans Goggles,Super Hi-tech ,25.0,15,7
﻿RUN1234567,Run-Tech Running shorts,High-quality running sh,10.0,0,10
CYC1111111,Cycle4ever Cycling jacket,Super lightweight hi-vis,50.0,0,20
SWM2222222,4Oceans Goggles,Super Hi-tech ,25.0,15,7
﻿RUN1234567,Run-Tech Running shorts,High-quality running sh,10.0,0,10
CYC1111111,Cycle4ever Cycling jacket,Super lightweight hi-vis,50.0,0,20
SWM2222222,4Oceans Goggles,Super Hi-tech ,25.0,15,7
